{"cameraMode":{"drawMode":0,"name":"Shaded","section":"Shading Mode"},"sceneLighting":false,"audioPlay":false,"sceneViewState":{"m_AlwaysRefresh":false,"showFog":true,"showSkybox":false,"showFlares":true,"showImageEffects":true,"showParticleSystems":true,"showVisualEffectGraphs":true,"m_FxEnabled":true},"in2DMode":false,"pivot":{"x":2.086162567138672e-7,"y":0.24592450261116029,"z":-0.021861761808395387},"rotation":{"x":0.04212040826678276,"y":0.7104800939559937,"z":-0.042679786682128909,"w":0.7011604905128479},"size":3.952639579772949,"orthographic":true}